,mean,std,2.5q,25q,50q,75q,97.5q,mc err
a,1.5905261637026287,0.061636814408931755,1.47752126729614,1.5479547939457152,1.5882113752406364,1.630920434687801,1.7204905639367476,0.002071103631733984
a_std,0.30488772405110987,0.05577175398518249,0.2171002490052837,0.2652920117400376,0.29735060077922243,0.3355646886098211,0.4353350457068754,0.002632757347341001
a_subj.sub-004,1.8692905365184593,0.11981034807900096,1.6542403005728705,1.7857121280710104,1.8603504708679786,1.9484987449897173,2.122708218039045,0.004266304060828607
a_subj.sub-005,1.691105762260468,0.0878579161878329,1.5266095542553124,1.6308854368631351,1.6899630352533463,1.7486246471576379,1.867787363462208,0.0025302762206462163
a_subj.sub-006,1.7527831870651305,0.08670436373533563,1.5928727183483764,1.69130813690035,1.7510119136053555,1.8093485545300076,1.9293665333584742,0.0023821032615627936
a_subj.sub-007,1.4241849115196616,0.07209125360926609,1.2896619200507358,1.3743419377378623,1.4222997704527731,1.47059966324471,1.5684829001284122,0.002314189772913238
a_subj.sub-008,1.4228570894595756,0.1572819832192903,1.1567587060660325,1.3112123662109763,1.407064731406616,1.514661914280949,1.7751486466908457,0.005916138358398478
a_subj.sub-009,1.5809928919401208,0.10158817044318993,1.3946941725368451,1.5121810596693295,1.5776259405610533,1.6459929252940468,1.7964275478231413,0.002583731554479897
a_subj.sub-010,1.4937434936395682,0.10201327767830788,1.3050692574360054,1.4225748427569151,1.4889114339479603,1.561956787205355,1.7073895147057592,0.0032626472386822593
a_subj.sub-011,2.343068821185316,0.18891358779632775,2.0269730251746445,2.212344210258288,2.3297511301314753,2.4565396590002258,2.736674389963937,0.009393677510211137
a_subj.sub-012,1.185873391098571,0.06566058169804814,1.063484726955588,1.1388325905166,1.1830458424811725,1.2298806875258135,1.3187913782279317,0.001837592854223279
a_subj.sub-013,1.482696845862897,0.07576284230512635,1.3434553631725044,1.4310064111381533,1.4803280223315076,1.530806641286957,1.6445735494544877,0.0023530058930252232
a_subj.sub-014,1.743746623537795,0.15084556261993204,1.4866006061224564,1.642899900748587,1.7300875113651737,1.8313008487340996,2.073796308370069,0.005475993510366095
a_subj.sub-015,1.7862967663080056,0.09722160817104451,1.6037092103294648,1.7171988716616804,1.787031788086759,1.8503051501858427,1.9776747891468534,0.0029923503721127434
a_subj.sub-016,1.507822312992867,0.10423852266573094,1.311512515007429,1.4378835545249546,1.5051353321980516,1.5768422714775379,1.715765654916824,0.003132076713653293
a_subj.sub-017,1.6887938278635026,0.09416263863233991,1.5047279775453295,1.6230428716671925,1.6848017537883182,1.752176055058356,1.8790039109714873,0.0031659450361794855
a_subj.sub-019,1.308370331104714,0.06910813978731561,1.1837975477514728,1.260166061970183,1.3047550486121215,1.3521158091939145,1.4522509800040573,0.0023612197810593547
a_subj.sub-020,1.554975652718787,0.09158349248741145,1.3858440814845563,1.4935341762542218,1.5530648214124485,1.6141200280470542,1.7416617266655359,0.0030413988558876523
a_subj.sub-022,1.3064223276157987,0.06770485144706191,1.182344996405774,1.258268924055467,1.3019065078445995,1.3519262323714054,1.4454899453335353,0.002030456762398351
a_subj.sub-023,1.9238887719885447,0.12715222123168263,1.6987750102897516,1.8345896138997366,1.9197184686241564,2.003567475543518,2.1945753418987355,0.003785244547878664
a_subj.sub-024,1.1566115185314876,0.0590596684995661,1.045902553159936,1.1153489900141011,1.1546273017527002,1.1957604011390437,1.276983367094344,0.0019295211887961714
a_subj.sub-026,1.2609764180964016,0.07248777444139963,1.124158238855213,1.211554146491335,1.2590978704863145,1.3085404376425303,1.409787688960869,0.0020771289989719513
a_subj.sub-027,1.6899521779032176,0.09191422533744678,1.528364054166222,1.626573018453936,1.683815602735314,1.7475570382720995,1.8818120553275257,0.0031350453495032687
a_subj.sub-030,1.432633647972647,0.07788608209812639,1.290028164963247,1.3793678252398258,1.4305852564328287,1.4839682553500517,1.5884763123754124,0.002292052734576573
a_subj.sub-032,2.283341556062338,0.32159060127819944,1.8087471473256802,2.0607326340172745,2.229104566435794,2.4447285261985803,3.118420667927823,0.022360195798932912
a_subj.sub-033,1.3250332769154591,0.06764616365853356,1.1960051333133173,1.2784432943535249,1.3252628464495706,1.3704861641993604,1.4577866908980899,0.0020445237965734707
a_subj.sub-035,1.541533696930106,0.13052268390724153,1.3127714080425255,1.451635735737983,1.5291995836231824,1.627578163874658,1.8222582648925207,0.004982255244120944
a_subj.sub-037,1.5793645159856222,0.09028314322245877,1.4157099261467494,1.5163931604602152,1.575761466274647,1.6387508753954383,1.767631220588454,0.0027408336300511474
a_subj.sub-042,1.227067612862197,0.06669590923900211,1.1070471212361497,1.1787265093519255,1.2230197333986734,1.27048369702376,1.36602722399154,0.0022598086838343722
a_subj.sub-043,1.6586516795713315,0.08709230722426943,1.4974596205274993,1.5990351693555094,1.6560333925000057,1.7119539729848823,1.8490519113385748,0.002724310062767276
a_subj.sub-044,1.9086005271338995,0.13073305724837647,1.6812121563200806,1.8167489261311354,1.8990519276426265,1.9920286906630165,2.1941955485355367,0.0044777114882895925
a_subj.sub-047,1.5307783800847985,0.07491831847253348,1.395269806571204,1.4772741838275296,1.527431363935249,1.5785018513330065,1.6881862347491237,0.0023042673696705165
a_subj.sub-048,1.6401668662407631,0.07987559401496365,1.4921442477354738,1.583061058402536,1.6394814772602324,1.6951800122301592,1.8009368825235612,0.0020891586034368875
t,0.5622878056357371,0.024526508186887765,0.516170655920654,0.5456560706778034,0.5617378369876529,0.578347728560548,0.6119660527064485,0.0007422578931764673
t_std,0.12457444417574705,0.018152396277176106,0.09462290239861994,0.1116438339871342,0.12262601354576219,0.13520811134803806,0.16754216475147363,0.0005111516593171633
t_subj.sub-004,0.5678058384470304,0.03260393694177879,0.49799560560434514,0.5467881886831882,0.5702485759856433,0.5914198437298452,0.6249014440899021,0.0015861228179398722
t_subj.sub-005,0.5764412722638185,0.02705119248898004,0.5220662157481234,0.5583659548868343,0.5780094107633725,0.5959144685568234,0.6241693089052669,0.001091174822589581
t_subj.sub-006,0.6763922737185751,0.029179897160383106,0.6097945888807123,0.6586035597912544,0.679010920046635,0.6976710144687353,0.7257706956684339,0.001028634192085502
t_subj.sub-007,0.6975147814043223,0.025379675308578122,0.6449131029793469,0.681127928695302,0.6982133203132721,0.7148373038059614,0.7442037174955901,0.0008642877901030145
t_subj.sub-008,0.42390597231490157,0.020956969101320326,0.37924815865080913,0.4104362027629912,0.4261635328135667,0.4388870212469434,0.45968821165028095,0.0009241091277486317
t_subj.sub-009,0.5561994274323361,0.024739331146181646,0.5020081756836389,0.5413096172874773,0.557250478246905,0.5723891139236327,0.602895957530117,0.0010301704427190968
t_subj.sub-010,0.487568844854256,0.024757981510598815,0.4342091273928999,0.47208325852099753,0.48889607464148677,0.5046701746035606,0.5324837159781591,0.0011321716020855428
t_subj.sub-011,0.5239201074034667,0.0398308109051451,0.4429246307589677,0.4976310789177939,0.5262660632432754,0.5519431415682304,0.5937474124436591,0.0019192806108981348
t_subj.sub-012,0.5032571427707085,0.02095353561082435,0.458978630754149,0.48907195561462946,0.5042291888529971,0.5180876146449267,0.5426909108650309,0.0008379924723361961
t_subj.sub-013,0.5051345308631684,0.024746086034339577,0.4556955440351083,0.48909620699963013,0.5064299418918028,0.5220621973735644,0.549337138441544,0.0009341848532343564
t_subj.sub-014,0.37718198624938165,0.02699190337199867,0.3253445863177711,0.35830285535945966,0.3774065145383752,0.3961558375433664,0.4284777948333353,0.0013230863631793967
t_subj.sub-015,0.700902680008351,0.039306673435851716,0.6322076620518958,0.6751363950577305,0.6960284226826654,0.7221676701754319,0.793015280752314,0.0015020452513294625
t_subj.sub-016,0.7497173236676034,0.023069585183964292,0.7079330581508436,0.7368810364631105,0.7492749304024344,0.7605189595078432,0.8070944466696975,0.0012541821543215691
t_subj.sub-017,0.8766387918731589,0.03239399397624777,0.8126448723045187,0.8545040541932896,0.8767730190074579,0.8992208274714394,0.9378586071806029,0.001224853081407765
t_subj.sub-019,0.6386722224186715,0.021271029734238577,0.586180828463813,0.628228682400611,0.641499093049649,0.6534486897135232,0.6709706595763318,0.000871911535760232
t_subj.sub-020,0.5958508271001154,0.023855942715596754,0.5487702649454204,0.5813687397253655,0.5959587828372159,0.6104825183719753,0.6438699294510153,0.0009938016617503987
t_subj.sub-022,0.5873377496448549,0.02432270804977028,0.537742525824884,0.5711920624905471,0.588234057872278,0.6044926348545099,0.6327889243739019,0.0008433557252780467
t_subj.sub-023,0.6110430465959674,0.02964128498073928,0.545652030018001,0.5919826198538504,0.6136004042433256,0.6316413793185407,0.6620951569069475,0.0011792630458599446
t_subj.sub-024,0.6640385055462767,0.015422374692415594,0.6320295856378241,0.6547103206183138,0.6649681690590771,0.6741612569324921,0.6914570671709561,0.0005951144795674099
t_subj.sub-026,0.5585583915678747,0.019162885227417954,0.5173301802351322,0.5467293581988788,0.5597414751527674,0.5720999655402559,0.5917482911909866,0.0007443848953364436
t_subj.sub-027,0.5361369006585913,0.028865329768310344,0.4766329172908749,0.5174176425341748,0.5374690752097308,0.5553379725034483,0.590272992447098,0.0011280556656275303
t_subj.sub-030,0.46744133009472444,0.019915484944984112,0.42472191419650446,0.45494476321452676,0.4684211838620455,0.48093310651449195,0.50443489565368,0.0008292970819299408
t_subj.sub-032,0.39140714233332136,0.042314648493710735,0.305461797466374,0.3629165567979373,0.3941382422084746,0.4211194549040832,0.47109104081476283,0.002293976049528486
t_subj.sub-033,0.6023617255666468,0.02345551156062195,0.5590538440821817,0.586802956775554,0.601101964566185,0.6169032991441227,0.6514911698783667,0.0007204367302063219
t_subj.sub-035,0.3006365250115616,0.03194875748272164,0.23483894311948836,0.27894577532907117,0.3022573818263008,0.323512965098148,0.3571837695297308,0.0017368098944683195
t_subj.sub-037,0.579860235358513,0.029083498781158523,0.5163136666843241,0.5606987442236112,0.5821879204826919,0.601569524426911,0.6286769201651488,0.001311894468382539
t_subj.sub-042,0.6242155328237042,0.02271493018227315,0.5778143962899833,0.6086603445086546,0.6260220946785647,0.6403520267931314,0.66456221570511,0.0008790892554561249
t_subj.sub-043,0.5409494518787279,0.03088634103014169,0.4794422568951399,0.5210180306538068,0.5419158302827941,0.5622050365269022,0.5990194522399487,0.0010579095715444833
t_subj.sub-044,0.4791355694849066,0.0327644203765726,0.4091875543480281,0.4585217520213719,0.4815356510539106,0.502042293811589,0.5353651444820186,0.0015880313123615279
t_subj.sub-047,0.5101295839571223,0.02382426347016149,0.46044010972222765,0.49545677953056033,0.5113350268710372,0.5258288559871808,0.5556865762718256,0.0009122067759688797
t_subj.sub-048,0.5299805807729437,0.027989236477894388,0.4753715603201742,0.5114638038380683,0.5299954245044709,0.5491527553734906,0.5861479842850632,0.0008259654917340469
sv,0.1850535212220152,0.1226070242624063,0.007035766061848618,0.08160858925200637,0.16970635831607392,0.26854622110755083,0.44548636193485047,0.004707238621841871
sz,0.11464892555420451,0.07954179620020056,0.005556473908837942,0.04912680090783115,0.10053125402635961,0.17287551284162875,0.2910470260186814,0.0035302675419046532
st,0.26986045501024014,0.014535012452305283,0.2412144880551835,0.26039200203473284,0.26957002701512717,0.27948212510906745,0.29842215259730187,0.0007620656952655524
z,0.6057693205249424,0.016545382779325143,0.575947416903214,0.5940433101117832,0.6051829490667852,0.6172641080597431,0.6385708145275245,0.0014227094928932033
z_std,0.30713063778528876,0.029657287621418327,0.2487669036689218,0.2881157690359897,0.30784600320545175,0.3260731092813879,0.3649657239129818,0.0013483707439762584
z_subj.sub-004,0.5920644705672311,0.03852713955042755,0.5163868136733881,0.572992097713816,0.5919640735274954,0.6152274623527694,0.6589946148188014,0.003426235508557623
z_subj.sub-005,0.6440524549333174,0.03599561773304217,0.5771691064882166,0.6202998690648464,0.6446493137947962,0.6687285877129924,0.7112544688973828,0.003202309841471583
z_subj.sub-006,0.6717132935557777,0.03761628757879821,0.5973819050034085,0.6459209215422919,0.6730435706438683,0.6969768444038824,0.7423090305107978,0.003556811739571336
z_subj.sub-007,0.45777637002028326,0.035712969164304706,0.38755255132658967,0.43584561813672384,0.45675951140149323,0.4835783133630231,0.5338859987861114,0.00315637599584453
z_subj.sub-008,0.7017964277524122,0.05108567833080553,0.5657698600777573,0.6735391260682161,0.7135039476498248,0.7382117421465388,0.7715066287703307,0.0049473911441805405
z_subj.sub-009,0.7273933285210787,0.042761015470113434,0.6315991397192776,0.6997586334015492,0.7291932151593165,0.761373996518842,0.7995960609734812,0.004019629570622944
z_subj.sub-010,0.736667988129191,0.04045246113152983,0.6543235922653411,0.7098592346181717,0.7375500208485013,0.7678770613878731,0.801094645902316,0.003967394501199815
z_subj.sub-011,0.5593038074871421,0.04342811769772686,0.47932258555155854,0.5284993903355591,0.5566299822028025,0.5892810922564887,0.6430311875652021,0.003881425588355656
z_subj.sub-012,0.7220815292684343,0.03685669809582598,0.6541235177851052,0.6929133398448968,0.7276015906063787,0.7473176345291227,0.7900836494123239,0.0033490684323309165
z_subj.sub-013,0.6408898886298512,0.03044528958750734,0.5805125977033514,0.6197026401405458,0.6419145744209652,0.6609127789403666,0.6990325728154321,0.00292491628277827
z_subj.sub-014,0.6532624840030913,0.041472747890296056,0.5763253808011124,0.6206684347667546,0.6573705265016703,0.6853874940880432,0.7237983987964741,0.0038545814531307497
z_subj.sub-015,0.6420629937021147,0.03568114247826424,0.5744673506351103,0.6154624120717032,0.6407905642559493,0.6685158977393211,0.7109841160112916,0.0030641885446603847
z_subj.sub-016,0.7228727236655569,0.050562378166364115,0.5974404108788367,0.6966657794237024,0.7340331054050986,0.7565237943236677,0.7971944273588143,0.004898126649499587
z_subj.sub-017,0.5340869156325168,0.039087609169720566,0.4612055012016535,0.5066058293227205,0.5325486772804606,0.5629584483208321,0.6089868740213943,0.0035047092569555653
z_subj.sub-019,0.3220586143028983,0.03320162908503355,0.26018937322526137,0.2972248634780808,0.31812787767036893,0.34341079810038144,0.3883941672556206,0.002877473525416053
z_subj.sub-020,0.604821265651022,0.04182933578199989,0.5177954143446853,0.5762369012132604,0.6047215495637888,0.6339042100721326,0.6783518133001838,0.003999994077310444
z_subj.sub-022,0.5044745521312644,0.03454366416469459,0.43123972281008927,0.48189112815148166,0.5049774378558299,0.5262218788838668,0.5690780530750833,0.0029580827509640565
z_subj.sub-023,0.6554832486610301,0.04430452813682267,0.5707602549467216,0.624560270064469,0.6574784983987779,0.6875933617358498,0.7330484760892139,0.004141344029290853
z_subj.sub-024,0.6645276618886953,0.037836817379579314,0.596198252303053,0.6360147409153454,0.6682243957209005,0.6889918130658265,0.7372501225551609,0.003258748428243567
z_subj.sub-026,0.6517746916200468,0.04208633044662434,0.568749104017246,0.623484375158711,0.6522237156838647,0.680191453482161,0.7325063274477187,0.003932599759134709
z_subj.sub-027,0.5967013639077617,0.03787120172923024,0.5148433880742945,0.5702571067328677,0.5990607009080932,0.622250189579899,0.662278024656714,0.003237557792012415
z_subj.sub-030,0.704228792893993,0.03299669681974489,0.6350836444014083,0.6851036904820074,0.7065514917514605,0.7280004405747676,0.7612743097197617,0.003045415216012481
z_subj.sub-032,0.49717830357105486,0.04995878586240143,0.40156642567952894,0.4651868723099802,0.4966210045166046,0.5335278550444615,0.6011563912452691,0.00465993604129796
z_subj.sub-033,0.5673190045239075,0.03682641671459004,0.4905339397708427,0.5427019204572756,0.5687409755455115,0.5904525621513605,0.637644704146697,0.003092199470989938
z_subj.sub-035,0.3465958944000947,0.07004440568104683,0.23935624625780158,0.28631034358078344,0.3322009254425469,0.39869037621754505,0.48948789361155903,0.006713666154157555
z_subj.sub-037,0.6537362804574814,0.04233151595794346,0.5594423120028685,0.6233049258531869,0.6510336489387591,0.6865736437553271,0.7253633480711134,0.003929658857068634
z_subj.sub-042,0.5653545429068751,0.04068662585251941,0.49108191918242705,0.5385928682966201,0.5654767375747611,0.5929613736512191,0.6542545277234288,0.003408913633342667
z_subj.sub-043,0.6184889442005245,0.03423259515322712,0.5570680240355497,0.59244026504831,0.6169188662378859,0.6417199893681679,0.6866414384400992,0.0031152502338124594
z_subj.sub-044,0.6321405001291995,0.0350718620138052,0.5565333433152136,0.6096903513584736,0.6315917039012168,0.6556253840230553,0.6956951082463265,0.0032560968729623404
z_subj.sub-047,0.590466305982791,0.032298990925381986,0.5254100183599524,0.565590119425355,0.5916216270084491,0.6142695332188517,0.6502017017020877,0.002669868834440488
z_subj.sub-048,0.5438577172311571,0.03591071419053444,0.4788611103802737,0.5184072078821329,0.5463684345041695,0.565189715699778,0.6157177526641076,0.0029681772836920106
v_Intercept,1.8514759929078082,0.3028604023135665,1.0775184896035477,1.7110355851035552,1.988409304215399,2.0335252772534607,2.225150844332439,0.028796696131193587
v_Intercept_std,0.2991941814189152,0.3361451283612622,0.0005867113979537025,0.006254687353015299,0.09703179150104743,0.6183844189215137,0.9517288306596885,0.03275265466812874
v_Intercept_subj.sub-004,2.0366217400530515,0.46674483499511,1.1289592562996063,1.9288998788685658,2.001725500676442,2.0805263053410115,3.19201865424192,0.0431530390210559
v_Intercept_subj.sub-005,1.7995717840224308,0.4836835972287949,0.7070707275280159,1.5558411154781286,1.9839575999706298,2.033412572936579,2.6852497213646425,0.04548134191848827
v_Intercept_subj.sub-006,1.6204081789832574,0.5106140711650319,0.4355719000242041,1.255522783444698,1.9535665516188052,2.00440896256612,2.1007982707967607,0.048212618394361834
v_Intercept_subj.sub-007,1.8309631664625035,0.3827296025538457,0.7885116648480861,1.6906511778044977,1.9879056237822834,2.035613628469652,2.404115478908072,0.03342675104270561
v_Intercept_subj.sub-008,2.219874347382406,0.5112741260540475,1.398743359806469,1.9882915718325762,2.0358916496917194,2.3569086460148165,3.6206472875635867,0.04461920335400762
v_Intercept_subj.sub-009,1.9080447760097101,0.3547843260484403,1.0840600334761006,1.7885885320375707,1.9965435253145607,2.040768614976659,2.6373586248283556,0.029511415341279025
v_Intercept_subj.sub-010,1.9559146480887124,0.4505306224335212,0.9570499896823442,1.8527801693527948,1.9994712204429925,2.046663198903577,3.045731541061202,0.038347163103927884
v_Intercept_subj.sub-011,2.0056114720106883,0.3380790874095244,1.2999043316257741,1.9312145793021374,2.000572455070249,2.0564418010965637,2.8752129877196246,0.029761295810189603
v_Intercept_subj.sub-012,1.826976007376836,0.4390292816685936,0.7372742619532404,1.6529835027134978,1.990189708631322,2.036996778971464,2.524532221795461,0.03794766678469967
v_Intercept_subj.sub-013,1.7899518093215938,0.4269180323121208,0.6827432083097156,1.5959676656527209,1.9864500518310755,2.033244187283227,2.352005351304177,0.037838638855957764
v_Intercept_subj.sub-014,2.060450250862056,0.3672871312293395,1.3177916656718665,1.9673816471349108,2.008671659874091,2.1156611614521954,2.980259770013633,0.02922097408403539
v_Intercept_subj.sub-015,1.6624123876841899,0.4584648970275772,0.6320747127862103,1.3259069603181342,1.9574432263698553,2.0036538741638314,2.092734718479296,0.042711712162195305
v_Intercept_subj.sub-016,2.0093804658745253,0.41926601072727004,1.1999011352810434,1.8878515585512603,2.000300369452496,2.0649676069728624,3.0900912075426623,0.03408525901221436
v_Intercept_subj.sub-017,1.9068353252560177,0.4116012099278302,0.9634379190028115,1.7520419185949725,1.998638623889442,2.041203905861219,2.7603092255722905,0.03631351478106035
v_Intercept_subj.sub-019,1.7554211209519308,0.3879327185532374,0.7755875091253313,1.509637304565134,1.976707987831173,2.016263627862769,2.1397792291300273,0.034265102078308136
v_Intercept_subj.sub-020,2.0201776382104466,0.44098089367547955,1.1750956766639102,1.9113831799006342,2.0005024292764473,2.066412962569632,3.097431210743472,0.038722757218561894
v_Intercept_subj.sub-022,1.7691147855117586,0.41861788811343237,0.7206288693251794,1.5458888435940812,1.9834414499501114,2.030230850939641,2.2856098123498008,0.03698288127543156
v_Intercept_subj.sub-023,1.8979677286919308,0.3166411151946697,1.113951717799517,1.7831325195656145,1.9948616960856815,2.038716359909638,2.4094281341367565,0.026344103661152564
v_Intercept_subj.sub-024,1.6349972686644145,0.5215342399978795,0.3611903029145558,1.313247929271502,1.9524158885220306,2.0051586649936093,2.1105362974116697,0.048100914797871167
v_Intercept_subj.sub-026,1.950063072171528,0.38178014696548523,1.052645536174975,1.8703611941132512,1.9993301350657895,2.048664007253221,2.7582696243918106,0.0320847729438867
v_Intercept_subj.sub-027,1.8927886559357365,0.3377361224240774,1.129297598881966,1.758091265809859,1.9968827584153228,2.040347301892447,2.489513658180451,0.028934075578559988
v_Intercept_subj.sub-030,1.7349643992611066,0.41600447816380715,0.6790776834889949,1.4784285979573732,1.9767040623571357,2.0144049302541345,2.1552362486890555,0.0370734356913343
v_Intercept_subj.sub-032,2.250197244309662,0.5246958677690113,1.426375293122964,1.9885891645406155,2.036884698148377,2.428322828864657,3.6295261360887614,0.04917696391405814
v_Intercept_subj.sub-033,1.7691385442771324,0.4387326590649601,0.680189397817243,1.534232087968499,1.984000468480829,2.0295650797819462,2.3113285051430696,0.03916121844265471
v_Intercept_subj.sub-035,1.045673076254238,1.205101667829176,-1.4319332047071047,-0.03777673773531598,1.8965080479565752,2.001315369983336,2.070397381023253,0.11780592091332047
v_Intercept_subj.sub-037,1.8734431163657332,0.38983226695199374,0.9535390878576437,1.6963860015982328,1.9917859265184843,2.038014969959709,2.636253425532642,0.0331650342172076
v_Intercept_subj.sub-042,1.800167019898697,0.4018630967815893,0.7709732633449671,1.6079440782978738,1.9852255817452606,2.0329958748708044,2.3573463877330876,0.03485632798396001
v_Intercept_subj.sub-043,1.7659388688053013,0.43794976056513407,0.6798616143249502,1.5360777875933542,1.983312494337075,2.0298740446734223,2.386039559546513,0.04013922038957908
v_Intercept_subj.sub-044,2.001265874662788,0.34687897930988104,1.2887181383660191,1.9221686355490921,2.0003276301474555,2.058929888673413,2.8313571235215873,0.02990914807438022
v_Intercept_subj.sub-047,1.8318746410762403,0.4063476026568856,0.8277368822787701,1.6412988553041157,1.9893945608531642,2.0368516439227116,2.4530620888918784,0.03619696259381204
v_Intercept_subj.sub-048,1.7739188082069441,0.4572018084623381,0.5229079884735481,1.608043175735802,1.985834321632194,2.0316170140188126,2.3158325638378465,0.04220454017803242
v_STA_SAI_Score,-0.032775979900839955,0.008643084572297226,-0.045513821727772005,-0.03878709532069201,-0.03498314249243573,-0.028322711286262486,-0.013672177912250233,0.0007683249283462778
v_STA_SAI_Score_std,0.01905815679941444,0.007977824724541227,0.004008468081737392,0.013732871635645016,0.020924251340727458,0.024495492514807805,0.031934313567133915,0.0007272947652168187
v_STA_SAI_Score_subj.sub-004,-0.01888501880310494,0.00864409221612611,-0.03895112688563278,-0.0223695230233007,-0.01833951645665376,-0.014339465342264754,-0.002256859029317936,0.000779092265654281
v_STA_SAI_Score_subj.sub-005,-0.04140275485307189,0.014460192633423788,-0.06808064934507205,-0.04985130973972731,-0.04415906631104691,-0.034759031509730504,-0.00919889855396587,0.0013296358226200134
v_STA_SAI_Score_subj.sub-006,-0.04992628901276158,0.016933533367573982,-0.07164571914447541,-0.06319163567183503,-0.056291133721370415,-0.03786664288619662,-0.011741895951310123,0.0015664131454497382
v_STA_SAI_Score_subj.sub-007,-0.03504774024173608,0.009897713215494411,-0.049704030605870315,-0.04147311711173143,-0.037418247667158434,-0.030555566760804044,-0.010688924242879656,0.0008360405422202035
v_STA_SAI_Score_subj.sub-008,-0.003340106910044748,0.015704287213398515,-0.03849221803407518,-0.012299471825847542,-0.0016557082779196648,0.0073882902979380966,0.02322251401802826,0.0012941265427818293
v_STA_SAI_Score_subj.sub-009,-0.033180942298957974,0.011171346113961264,-0.05308757323192633,-0.040144885159468166,-0.03457002542535117,-0.026405293396605856,-0.00945920158561001,0.0008594007473745986
v_STA_SAI_Score_subj.sub-010,-0.021049690145581654,0.008899139916869253,-0.04064789704957293,-0.0255592148725194,-0.021047534075286534,-0.01638571665118088,-0.002205762447885163,0.0007172619955100753
v_STA_SAI_Score_subj.sub-011,-0.021599935145919354,0.00962022995471989,-0.043152338129252385,-0.026561843663080606,-0.021582877901262332,-0.016185440659430825,-0.002817379380903101,0.0007847113865868205
v_STA_SAI_Score_subj.sub-012,-0.0360256857763861,0.011076446435687757,-0.05512084772737179,-0.043248404265511214,-0.037969049515162064,-0.03002513156101995,-0.011245383570015628,0.0009038534728593496
v_STA_SAI_Score_subj.sub-013,-0.03837164153781328,0.010609274762047378,-0.05297286803126923,-0.0455192997929816,-0.04133822681407894,-0.033571374849001114,-0.011526082376045271,0.0009124780229803267
v_STA_SAI_Score_subj.sub-014,-0.017437894155734244,0.012056209184555959,-0.04204628589936742,-0.02409074337662184,-0.016940216558375597,-0.010257249228740821,0.0069171731000716025,0.0008953915057698106
v_STA_SAI_Score_subj.sub-015,-0.045922345667403275,0.01607503178748433,-0.06757089755115235,-0.05812776881726675,-0.05160179221789765,-0.03491434020138001,-0.011123137151433619,0.0014717452374557812
v_STA_SAI_Score_subj.sub-016,-0.020366149919138283,0.008600042733371761,-0.039578284683031845,-0.024714300931407057,-0.020042510098543805,-0.01513371148356599,-0.0026384853371162146,0.0006852398107041695
v_STA_SAI_Score_subj.sub-017,-0.026361449026901743,0.00973686122186923,-0.044953145574733275,-0.032064939734870346,-0.027451143957466,-0.021194764546580633,-0.005548283070293442,0.0008333164215583765
v_STA_SAI_Score_subj.sub-019,-0.04304983080669834,0.015240203382499356,-0.0664225005097045,-0.05427545011765623,-0.04600639473963659,-0.0334964124195593,-0.009308572555293753,0.0012848830739349577
v_STA_SAI_Score_subj.sub-020,-0.02032567905976009,0.008732810994235318,-0.0407565032710134,-0.02408695727685953,-0.020123647749258504,-0.01588474500866653,-0.0032351130841900486,0.0007485712264069688
v_STA_SAI_Score_subj.sub-022,-0.03893163600058146,0.012725357159556692,-0.05644858403736305,-0.04808428690376114,-0.042155647640350284,-0.032681856650362516,-0.00938452981696681,0.0010910004103460592
v_STA_SAI_Score_subj.sub-023,-0.030789838743324412,0.01109725712985404,-0.04791267886614406,-0.038276141814299176,-0.03277928650661578,-0.0248034963793382,-0.0052523219123913195,0.0008861598838747691
v_STA_SAI_Score_subj.sub-024,-0.047454556517545335,0.015233613492372152,-0.06812602840870308,-0.05882307396131685,-0.051761223145839134,-0.038046959686314046,-0.011902431382714952,0.001365684974357363
v_STA_SAI_Score_subj.sub-026,-0.028011019686921282,0.009823499813328158,-0.04632054440408987,-0.03436960429275246,-0.02864967084840301,-0.022251053863149323,-0.006680740036541621,0.0007820519692551128
v_STA_SAI_Score_subj.sub-027,-0.0311141971868091,0.009169245322421051,-0.04503786238463185,-0.03718037938818393,-0.03283521289248025,-0.026213615506758506,-0.01060632893236255,0.0007629313771388732
v_STA_SAI_Score_subj.sub-030,-0.041653337767539274,0.01297048484357049,-0.059995533583336466,-0.05095805594187706,-0.0449547399247247,-0.03395350205272942,-0.011771196624480142,0.001129420312783715
v_STA_SAI_Score_subj.sub-032,-0.003782300490964645,0.01605237309182226,-0.03994544217227279,-0.01246065816626949,-0.0017448703885394063,0.006845747973095149,0.023396633689502844,0.0014207678401930092
v_STA_SAI_Score_subj.sub-033,-0.03806655616029983,0.010756801872531132,-0.05267413061920244,-0.04523789338289317,-0.040934581604815945,-0.03263697264231151,-0.013012141729047452,0.0009291560972347141
v_STA_SAI_Score_subj.sub-035,-0.09241106700319131,0.03929966250537653,-0.14129915846238655,-0.12470500104436158,-0.10895314185056638,-0.056382032441884646,-0.017220076062278114,0.0038073306041914515
v_STA_SAI_Score_subj.sub-037,-0.028484226363859624,0.00931084425754477,-0.04574695263315834,-0.0346292915465266,-0.029853088801543425,-0.023197553253470053,-0.008407143813923598,0.0007655897586815584
v_STA_SAI_Score_subj.sub-042,-0.03784924819352181,0.011229700009093537,-0.054692612331337515,-0.04573243734840008,-0.04002564737692493,-0.032308717653571295,-0.011839829960288257,0.0009364891694980673
v_STA_SAI_Score_subj.sub-043,-0.037314627767799965,0.011790837658067084,-0.05358655853205874,-0.045162375253386566,-0.040680348188927185,-0.0313411692155004,-0.009165332786177465,0.0010575773466367593
v_STA_SAI_Score_subj.sub-044,-0.02378542342971275,0.009043759484194829,-0.043205568101958566,-0.028597197444272193,-0.023761651109892607,-0.018789704688319454,-0.006026145144926144,0.0007366471456820014
v_STA_SAI_Score_subj.sub-047,-0.031025603606781044,0.00854162819560089,-0.04415603401805586,-0.03654055955538219,-0.03306006040030864,-0.02672648322014448,-0.011183206665043917,0.0007353724643029702
v_STA_SAI_Score_subj.sub-048,-0.03425537032525973,0.00984611196554167,-0.047039324465911074,-0.04048837887351379,-0.037182611868151715,-0.030869465585828045,-0.007431021566915394,0.0008919977026196518
